{
  "version": "1.1.1",
  "windows": {
    "main": {
      "main": true,
      "url": "app://editor/index.html",
      "windowType": "dockable",
      "x": 0,
      "y": 0,
      "width": 1536,
      "height": 824,
      "layout": {
        "type": "dock-h",
        "children": [
          {
            "width": 305.07501220703125,
            "height": 708.2000122070312,
            "type": "dock-v",
            "children": [
              {
                "width": 305.07501220703125,
                "height": 352.1000061035156,
                "type": "panel",
                "active": 0,
                "children": [
                  "hierarchy"
                ]
              },
              {
                "width": 305.07501220703125,
                "height": 353.1000061035156,
                "type": "panel",
                "active": 0,
                "children": [
                  "assets"
                ]
              }
            ]
          },
          {
            "width": 894.2374877929688,
            "height": 708.2000122070312,
            "type": "dock-v",
            "children": [
              {
                "width": 894.2374877929688,
                "height": 422.7250061035156,
                "type": "dock-h",
                "children": [
                  {
                    "width": 627.1625366210938,
                    "height": 422.7250061035156,
                    "type": "panel",
                    "active": 0,
                    "children": [
                      "scene"
                    ]
                  },
                  {
                    "width": 264.07501220703125,
                    "height": 422.7250061035156,
                    "type": "panel",
                    "active": 0,
                    "children": [
                      "node-library"
                    ]
                  }
                ]
              },
              {
                "width": 894.2374877929688,
                "height": 282.4750061035156,
                "type": "panel",
                "active": 0,
                "children": [
                  "console",
                  "timeline",
                  "game-window"
                ]
              }
            ]
          },
          {
            "width": 317.0874938964844,
            "height": 708.2000122070312,
            "type": "panel",
            "active": 0,
            "children": [
              "inspector",
              "cocos-services"
            ]
          }
        ]
      },
      "panels": [
        "hierarchy",
        "assets",
        "scene",
        "node-library",
        "console",
        "timeline",
        "game-window",
        "inspector",
        "cocos-services"
      ]
    }
  },
  "panels": {
    "preferences": {
      "x": 480,
      "y": 132,
      "width": 600,
      "height": 564
    },
    "project-settings": {
      "x": 480,
      "y": 132,
      "width": 600,
      "height": 564
    },
    "builder": {
      "x": -8,
      "y": -8,
      "width": 1552,
      "height": 840
    }
  },
  "panelLabelWidth": {}
}
