{
  "9836134e-b892-4283-b6b2-78b5acf3ed45": {
    "asset": 1706109989084,
    "meta": 1706113129431,
    "relativePath": "effects"
  },
  "f8e6b000-5643-4b86-9080-aa680ce1f599": {
    "asset": 1706109989289,
    "meta": 1706113129432,
    "relativePath": "image"
  },
  "5c3eedba-6c41-4c0c-9ba7-d91f813cbd1c": {
    "asset": 1706109989312,
    "meta": 1706113129434,
    "relativePath": "materials"
  },
  "fc09f9bd-2cce-4605-b630-8145ef809ed6": {
    "asset": 1706109989340,
    "meta": 1706113129435,
    "relativePath": "misc"
  },
  "db019bf7-f71c-4111-98cf-918ea180cb48": {
    "asset": 1706109989501,
    "meta": 1706113129438,
    "relativePath": "model"
  },
  "f6e6dd15-71d1-4ffe-ace7-24fd39942c05": {
    "asset": 1706109989542,
    "meta": 1706113129439,
    "relativePath": "obsolete"
  },
  "f743d2b6-b7ea-4c14-a55b-547ed4d0a045": {
    "asset": 1706109989559,
    "meta": 1706113129440,
    "relativePath": "particle"
  },
  "ae6c6c98-11e4-452f-8758-75f5c6a56e83": {
    "asset": 1706109990014,
    "meta": 1706113129442,
    "relativePath": "prefab"
  },
  "d8afc78c-4eac-4a9f-83dd-67bc70344d33": {
    "asset": 1706109990177,
    "meta": 1706113129444,
    "relativePath": "resources"
  },
  "abc2cb62-7852-4525-a90d-d474487b88f2": {
    "asset": 1706109989037,
    "meta": 1706113129648,
    "relativePath": "effects\\builtin-phong.effect"
  },
  "e2f00085-c597-422d-9759-52c360279106": {
    "asset": 1706109989049,
    "meta": 1706113129744,
    "relativePath": "effects\\builtin-toon.effect"
  },
  "430eccbf-bf2c-4e6e-8c0c-884bbb487f32": {
    "asset": 1706109989053,
    "meta": 1706113129765,
    "relativePath": "effects\\__builtin-editor-gizmo-line.effect"
  },
  "6c5cf6e1-b044-4eac-9431-835644d57381": {
    "asset": 1706109989067,
    "meta": 1706113129776,
    "relativePath": "effects\\__builtin-editor-gizmo-unlit.effect"
  },
  "115286d1-2e10-49ee-aab4-341583f607e8": {
    "asset": 1706109989080,
    "meta": 1706113129818,
    "relativePath": "effects\\__builtin-editor-gizmo.effect"
  },
  "71561142-4c83-4933-afca-cb7a17f67053": {
    "asset": 1706109989106,
    "meta": 1706113129847,
    "relativePath": "image\\default_btn_disabled.png"
  },
  "b43ff3c2-02bb-4874-81f7-f2dea6970f18": {
    "asset": 1706109989127,
    "meta": 1706113129849,
    "relativePath": "image\\default_btn_pressed.png"
  },
  "e851e89b-faa2-4484-bea6-5c01dd9f06e2": {
    "asset": 1706109989116,
    "meta": 1706113129851,
    "relativePath": "image\\default_btn_normal.png"
  },
  "600301aa-3357-4a10-b086-84f011fa32ba": {
    "asset": 1706109989097,
    "meta": 1706113129863,
    "relativePath": "image\\default-particle.png"
  },
  "cfef78f1-c8df-49b7-8ed0-4c953ace2621": {
    "asset": 1706109989155,
    "meta": 1706113129865,
    "relativePath": "image\\default_progressbar.png"
  },
  "d81ec8ad-247c-4e62-aa3c-d35c4193c7af": {
    "asset": 1706109989144,
    "meta": 1706113129868,
    "relativePath": "image\\default_panel.png"
  },
  "edd215b9-2796-4a05-aaf5-81f96c9281ce": {
    "asset": 1706109989135,
    "meta": 1706113129870,
    "relativePath": "image\\default_editbox_bg.png"
  },
  "0291c134-b3da-4098-b7b5-e397edbe947f": {
    "asset": 1706109989193,
    "meta": 1706113129885,
    "relativePath": "image\\default_scrollbar.png"
  },
  "99170b0b-d210-46f1-b213-7d9e3f23098a": {
    "asset": 1706109989165,
    "meta": 1706113129888,
    "relativePath": "image\\default_progressbar_bg.png"
  },
  "9d60001f-b5f4-4726-a629-2659e3ded0b8": {
    "asset": 1706109989182,
    "meta": 1706113129890,
    "relativePath": "image\\default_radio_button_on.png"
  },
  "567dcd80-8bf4-4535-8a5a-313f1caf078a": {
    "asset": 1706109989175,
    "meta": 1706113129893,
    "relativePath": "image\\default_radio_button_off.png"
  },
  "d6d3ca85-4681-47c1-b5dd-d036a9d39ea2": {
    "asset": 1706109989216,
    "meta": 1706113129907,
    "relativePath": "image\\default_scrollbar_vertical.png"
  },
  "617323dd-11f4-4dd3-8eec-0caf6b3b45b9": {
    "asset": 1706109989228,
    "meta": 1706113129910,
    "relativePath": "image\\default_scrollbar_vertical_bg.png"
  },
  "4bab67cb-18e6-4099-b840-355f0473f890": {
    "asset": 1706109989202,
    "meta": 1706113129912,
    "relativePath": "image\\default_scrollbar_bg.png"
  },
  "6e056173-d285-473c-b206-40a7fff5386e": {
    "asset": 1706109989242,
    "meta": 1706113129914,
    "relativePath": "image\\default_sprite.png"
  },
  "0275e94c-56a7-410f-bd1a-fc7483f7d14a": {
    "asset": 1706109989249,
    "meta": 1706113129928,
    "relativePath": "image\\default_sprite_splash.png"
  },
  "73a0903d-d80e-4e3c-aa67-f999543c08f5": {
    "asset": 1706109989260,
    "meta": 1706113129930,
    "relativePath": "image\\default_toggle_checkmark.png"
  },
  "d29077ba-1627-4a72-9579-7b56a235340c": {
    "asset": 1706109989278,
    "meta": 1706113129935,
    "relativePath": "image\\default_toggle_normal.png"
  },
  "e39e96e6-6f6e-413f-bcf1-ac7679bb648a": {
    "asset": 1706109989490,
    "meta": 1706113129939,
    "relativePath": "model\\prefab"
  },
  "c4480a0a-6ac5-443f-8b40-361a14257fc8": {
    "asset": 1706109989302,
    "meta": 1706113130419,
    "relativePath": "materials\\builtin-phong.mtl"
  },
  "c25b9d50-c8fc-4d27-beeb-6e7c1f2e5c0f": {
    "asset": 1706109989272,
    "meta": 1706113129938,
    "relativePath": "image\\default_toggle_disabled.png"
  },
  "2be36297-9abb-4fee-8049-9ed5e271da8a": {
    "asset": 1706109989330,
    "meta": 1706113129956,
    "relativePath": "misc\\default_video.mp4"
  },
  "b181c1e4-0a72-4a91-bfb0-ae6f36ca60bd": {
    "asset": 1706109989286,
    "meta": 1706113129966,
    "relativePath": "image\\default_toggle_pressed.png"
  },
  "897ef7a1-4860-4f64-968d-f5924b18668a": {
    "asset": 1706109989571,
    "meta": 1706113129970,
    "relativePath": "prefab\\2d-camera.prefab"
  },
  "8a96b965-2dc0-4e03-aa90-3b79cb93b5b4": {
    "asset": 1706109989531,
    "meta": 1706113129972,
    "relativePath": "obsolete\\atom.png"
  },
  "d0a82d39-bede-46c4-b698-c81ff0dedfff": {
    "asset": 1706109989557,
    "meta": 1706113129974,
    "relativePath": "particle\\atom.png"
  },
  "70d7cdb0-04cd-41bb-9480-c06a4785f386": {
    "asset": 1706109989589,
    "meta": 1706113129977,
    "relativePath": "prefab\\3d-camera.prefab"
  },
  "70bbeb73-6dc2-4ee4-8faf-76b3a0e34ec4": {
    "asset": 1706109989593,
    "meta": 1706113129980,
    "relativePath": "prefab\\3d-particle.prefab"
  },
  "ed88f13d-fcad-4848-aa35-65a2cb973584": {
    "asset": 1706109989603,
    "meta": 1706113129983,
    "relativePath": "prefab\\3d-stage.prefab"
  },
  "972b9a4d-47ee-4c74-b5c3-61d8a69bc29f": {
    "asset": 1706109989642,
    "meta": 1706113129986,
    "relativePath": "prefab\\button.prefab"
  },
  "2c937608-2562-40ea-b264-7395df6f0cea": {
    "asset": 1706109989646,
    "meta": 1706113129989,
    "relativePath": "prefab\\canvas.prefab"
  },
  "61aeb05b-3b32-452b-8eed-2b76deeed554": {
    "asset": 1706109989660,
    "meta": 1706113129992,
    "relativePath": "prefab\\editbox.prefab"
  },
  "a3ee0214-b432-4865-9666-4a3211814282": {
    "asset": 1706109989742,
    "meta": 1706113129993,
    "relativePath": "prefab\\light"
  },
  "27756ebb-3d33-44b0-9b96-e858fadd4dd4": {
    "asset": 1706109989665,
    "meta": 1706113129996,
    "relativePath": "prefab\\label.prefab"
  },
  "785a442c-3ceb-45be-a46e-7317f625f3b9": {
    "asset": 1706109989678,
    "meta": 1706113129999,
    "relativePath": "prefab\\layout.prefab"
  },
  "ca8401fe-ad6e-41a8-bd46-8e3e4e9945be": {
    "asset": 1706109989749,
    "meta": 1706113130004,
    "relativePath": "prefab\\pageview.prefab"
  },
  "5965ffac-69da-4b55-bcde-9225d0613c28": {
    "asset": 1706109989780,
    "meta": 1706113130007,
    "relativePath": "prefab\\progressBar.prefab"
  },
  "cd33edea-55f5-46c2-958d-357a01384a36": {
    "asset": 1706109989778,
    "meta": 1706113130010,
    "relativePath": "prefab\\particlesystem.prefab"
  },
  "4a37dd57-78cd-4cec-aad4-f11a73d12b63": {
    "asset": 1706109989792,
    "meta": 1706113130013,
    "relativePath": "prefab\\richtext.prefab"
  },
  "32044bd2-481f-4cf1-a656-e2b2fb1594eb": {
    "asset": 1706109989840,
    "meta": 1706113130017,
    "relativePath": "prefab\\scrollview.prefab"
  },
  "0004d1cf-a0ad-47d8-ab17-34d3db9d35a3": {
    "asset": 1706109989851,
    "meta": 1706113130019,
    "relativePath": "prefab\\slider.prefab"
  },
  "96083d03-c332-4a3f-9386-d03e2d19e8ee": {
    "asset": 1706109989863,
    "meta": 1706113130022,
    "relativePath": "prefab\\sprite.prefab"
  },
  "1f55e3be-b89b-4b79-88de-47fd31018044": {
    "asset": 1706109989897,
    "meta": 1706113130025,
    "relativePath": "prefab\\sprite_splash.prefab"
  },
  "b2687ac4-099e-403c-a192-ff477686f4f5": {
    "asset": 1706109989546,
    "meta": 1706113130437,
    "relativePath": "particle\\atom.plist"
  },
  "7de03a80-4457-438d-95a7-3e7cdffd6086": {
    "asset": 1706109989908,
    "meta": 1706113130027,
    "relativePath": "prefab\\tiledmap.prefab"
  },
  "b8223619-7e38-47c4-841f-9160c232495a": {
    "asset": 1706109989516,
    "meta": 1706113130438,
    "relativePath": "obsolete\\atom.plist"
  },
  "0e42ba95-1fa1-46aa-b2cf-143cd1bcee2c": {
    "asset": 1706109989922,
    "meta": 1706113130030,
    "relativePath": "prefab\\tiledtile.prefab"
  },
  "0d784963-d024-4ea6-a7db-03be0ad63010": {
    "asset": 1706109989951,
    "meta": 1706113130033,
    "relativePath": "prefab\\toggle.prefab"
  },
  "bf0a434c-84dd-4a8e-a08a-7a36f180cc75": {
    "asset": 1706109989964,
    "meta": 1706113130037,
    "relativePath": "prefab\\toggleContainer.prefab"
  },
  "d1b8be49-b0a0-435c-83b7-552bed4bbe35": {
    "asset": 1706109989975,
    "meta": 1706113130040,
    "relativePath": "prefab\\toggleGroup.prefab"
  },
  "294c1663-4adf-4a1e-a795-53808011a38a": {
    "asset": 1706109990167,
    "meta": 1706113130041,
    "relativePath": "resources\\effects"
  },
  "bbee2217-c261-49bd-a8ce-708d6bcc3500": {
    "asset": 1706109990333,
    "meta": 1706113130042,
    "relativePath": "resources\\materials"
  },
  "232d2782-c4bd-4bb4-9e01-909f03d6d3b9": {
    "asset": 1706109989986,
    "meta": 1706113130045,
    "relativePath": "prefab\\videoplayer.prefab"
  },
  "8c5001fd-07ee-4a4b-a8a0-63e15195e94d": {
    "asset": 1706109989999,
    "meta": 1706113130047,
    "relativePath": "prefab\\webview.prefab"
  },
  "a87cc147-01b2-43f8-8e42-a7ca90b0c757": {
    "asset": 1706109989370,
    "meta": 1706113130050,
    "relativePath": "model\\prefab\\box.prefab"
  },
  "fe1417b6-fe6b-46a4-ae7c-9fd331f33a2a": {
    "asset": 1706109989387,
    "meta": 1706113130053,
    "relativePath": "model\\prefab\\capsule.prefab"
  },
  "b5fc2cf2-7942-483d-be1f-bbeadc4714ad": {
    "asset": 1706109989405,
    "meta": 1706113130055,
    "relativePath": "model\\prefab\\cone.prefab"
  },
  "1c5e4038-953a-44c2-b620-0bbfc6170477": {
    "asset": 1706109989432,
    "meta": 1706113130058,
    "relativePath": "model\\prefab\\cylinder.prefab"
  },
  "3f376125-a699-40ca-ad05-04d662eaa1f2": {
    "asset": 1706109989441,
    "meta": 1706113130061,
    "relativePath": "model\\prefab\\plane.prefab"
  },
  "6c9ef10d-b479-420b-bfe6-39cdda6a8ae0": {
    "asset": 1706109989457,
    "meta": 1706113130065,
    "relativePath": "model\\prefab\\quad.prefab"
  },
  "2d9a4b85-b0ab-4c46-84c5-18f393ab2058": {
    "asset": 1706109989477,
    "meta": 1706113130067,
    "relativePath": "model\\prefab\\sphere.prefab"
  },
  "de510076-056b-484f-b94c-83bef217d0e1": {
    "asset": 1706109989481,
    "meta": 1706113130094,
    "relativePath": "model\\prefab\\torus.prefab"
  },
  "61906da3-7003-4bda-9abc-5769c76faee4": {
    "asset": 1706109989696,
    "meta": 1706113130096,
    "relativePath": "prefab\\light\\ambient.prefab"
  },
  "ddb99b39-7004-47cd-9705-751905c43c46": {
    "asset": 1706109989711,
    "meta": 1706113130099,
    "relativePath": "prefab\\light\\directional.prefab"
  },
  "30682f87-9f0d-4f17-8a44-72863791461b": {
    "asset": 1706109990062,
    "meta": 1706113130117,
    "relativePath": "resources\\effects\\builtin-2d-graphics.effect"
  },
  "144c3297-af63-49e8-b8ef-1cfa29b3be28": {
    "asset": 1706109990066,
    "meta": 1706113130130,
    "relativePath": "resources\\effects\\builtin-2d-gray-sprite.effect"
  },
  "f18742d7-56d2-4eb5-ae49-2d9d710b37c8": {
    "asset": 1706109990076,
    "meta": 1706113130146,
    "relativePath": "resources\\effects\\builtin-2d-label.effect"
  },
  "0e93aeaa-0b53-4e40-b8e0-6268b4e07bd7": {
    "asset": 1706109990090,
    "meta": 1706113130176,
    "relativePath": "resources\\effects\\builtin-2d-spine.effect"
  },
  "2874f8dd-416c-4440-81b7-555975426e93": {
    "asset": 1706109990106,
    "meta": 1706113130191,
    "relativePath": "resources\\effects\\builtin-2d-sprite.effect"
  },
  "0cf30284-9073-46bc-9eba-e62b69dbbff3": {
    "asset": 1706109989725,
    "meta": 1706113130193,
    "relativePath": "prefab\\light\\point.prefab"
  },
  "829a282c-b049-4019-bd38-5ace8d8a6417": {
    "asset": 1706109990125,
    "meta": 1706113130267,
    "relativePath": "resources\\effects\\builtin-3d-particle.effect"
  },
  "f5331fd2-bf42-4ee3-a3fd-3e1657600eff": {
    "asset": 1706109989741,
    "meta": 1706113130269,
    "relativePath": "prefab\\light\\spot.prefab"
  },
  "2a7c0036-e0b3-4fe1-8998-89a54b8a2bec": {
    "asset": 1706109990139,
    "meta": 1706113130293,
    "relativePath": "resources\\effects\\builtin-3d-trail.effect"
  },
  "c0040c95-c57f-49cd-9cbc-12316b73d0d4": {
    "asset": 1706109990162,
    "meta": 1706113130305,
    "relativePath": "resources\\effects\\builtin-clear-stencil.effect"
  },
  "6d91e591-4ce0-465c-809f-610ec95019c6": {
    "asset": 1706109990165,
    "meta": 1706113130325,
    "relativePath": "resources\\effects\\builtin-unlit.effect"
  },
  "6f801092-0c37-4f30-89ef-c8d960825b36": {
    "asset": 1706109990181,
    "meta": 1706113130450,
    "relativePath": "resources\\materials\\builtin-2d-base.mtl"
  },
  "3a7bb79f-32fd-422e-ada2-96f518fed422": {
    "asset": 1706109990225,
    "meta": 1706113130451,
    "relativePath": "resources\\materials\\builtin-2d-gray-sprite.mtl"
  },
  "a153945d-2511-4c14-be7b-05d242f47d57": {
    "asset": 1706109990201,
    "meta": 1706113130452,
    "relativePath": "resources\\materials\\builtin-2d-graphics.mtl"
  },
  "e02d87d4-e599-4d16-8001-e14891ac6506": {
    "asset": 1706109990239,
    "meta": 1706113130454,
    "relativePath": "resources\\materials\\builtin-2d-label.mtl"
  },
  "7afd064b-113f-480e-b793-8817d19f63c3": {
    "asset": 1706109990263,
    "meta": 1706113130455,
    "relativePath": "resources\\materials\\builtin-2d-spine.mtl"
  },
  "eca5d2f2-8ef6-41c2-bbe6-f9c79d09c432": {
    "asset": 1706109990277,
    "meta": 1706113130456,
    "relativePath": "resources\\materials\\builtin-2d-sprite.mtl"
  },
  "466d4f9b-e5f4-4ea8-85d5-3c6e9a65658a": {
    "asset": 1706109990295,
    "meta": 1706113130456,
    "relativePath": "resources\\materials\\builtin-3d-trail.mtl"
  },
  "432fa09c-cf03-4cff-a186-982604408a07": {
    "asset": 1706109990283,
    "meta": 1706113130457,
    "relativePath": "resources\\materials\\builtin-3d-particle.mtl"
  },
  "cf7e0bb8-a81c-44a9-ad79-d28d43991032": {
    "asset": 1706109990308,
    "meta": 1706113130459,
    "relativePath": "resources\\materials\\builtin-clear-stencil.mtl"
  },
  "2a296057-247c-4a1c-bbeb-0548b6c98650": {
    "asset": 1706109990324,
    "meta": 1706113130460,
    "relativePath": "resources\\materials\\builtin-unlit.mtl"
  },
  "954fec8b-cd16-4bb9-a3b7-7719660e7558": {
    "asset": 1706109989497,
    "meta": 1706113132756,
    "relativePath": "model\\primitives.fbx"
  },
  "17ffdeeb-8866-42d8-bca1-a6a9d18406a8": {
    "asset": 1706113222510,
    "meta": 1706113222521,
    "relativePath": "audio"
  },
  "dc194f1a-c8a5-46ca-aaf9-f03b70974af5": {
    "asset": 1706113222510,
    "meta": 1706113223114,
    "relativePath": "audio\\jump.mp3"
  },
  "55d110b9-bab6-4d9d-9416-03e46904fa35": {
    "asset": 1706113222510,
    "meta": 1706113223115,
    "relativePath": "audio\\score.mp3"
  },
  "2e632b17-220c-41b7-8b8a-f450a260eea6": {
    "asset": 1706113233693,
    "meta": 1706113233733,
    "relativePath": "textures\\btn_play.png"
  },
  "c6b5fd13-6a7f-4187-8716-1189e5d13c27": {
    "asset": 1706113233693,
    "meta": 1706113233735,
    "relativePath": "textures\\PurpleMonster.png"
  },
  "3ed9483a-d37d-4699-8762-939910c3e127": {
    "asset": 1706113233694,
    "meta": 1706113233737,
    "relativePath": "textures\\ground.png"
  },
  "0af33f8b-4512-452f-8ffa-e0175cee767c": {
    "asset": 1706113233692,
    "meta": 1706113233755,
    "relativePath": "textures\\background.jpg"
  },
  "80c7b1e7-1df7-4fc7-94e5-c530738420ed": {
    "asset": 1706113233693,
    "meta": 1706113233763,
    "relativePath": "textures\\star.png"
  },
  "9ae35e2a-23cf-41e3-98ab-0c26ffb04482": {
    "asset": 1706162537402,
    "meta": 1706164301032,
    "relativePath": "scripts"
  },
  "977cfe9b-21c7-498e-b060-541800511a8b": {
    "asset": 1706113422886,
    "meta": 1706119346885,
    "relativePath": "mikado_outline_shadow.fnt"
  },
  "d6ff10bc-4d58-4d63-8af4-19151a90da2c": {
    "asset": 1706113233692,
    "meta": 1706119346836,
    "relativePath": "textures"
  },
  "f3779477-7dbf-4751-902f-985973720152": {
    "asset": 1706113454476,
    "meta": 1706119346876,
    "relativePath": "mikado_outline_shadow.png"
  },
  "3a676d09-3703-401d-b367-163549d4b4b7": {
    "asset": 1706182439636,
    "meta": 1706182439670,
    "relativePath": "game.fire"
  },
  "0a876c20-aca3-4e81-8886-a41fb278761d": {
    "asset": 1706162520012,
    "meta": 1706162520035,
    "relativePath": "star.prefab"
  },
  "93f5d8d4-9ec2-42b5-88f1-f77e0050d06c": {
    "asset": 1706181359439,
    "meta": 1706181361536,
    "relativePath": "scripts\\Player.js"
  },
  "d2900ac3-cf8f-4c56-b0ef-2c96a9bc5117": {
    "asset": 1706181902333,
    "meta": 1706181906210,
    "relativePath": "scripts\\Star.js"
  },
  "1d7a321a-cf05-4abc-961a-cbc5dab8a1bc": {
    "asset": 1706182388288,
    "meta": 1706182390681,
    "relativePath": "scripts\\Game.js"
  },
  "dd3ee6ac-b33b-4f8c-b89d-89ea7a788105": {
    "asset": 1706185297603,
    "meta": 1706185303585,
    "relativePath": "scripts\\Game - 001.ts"
  },
  "fdd2508e-90ee-416c-bec4-4e7aeae7df7d": {
    "asset": 1706185342077,
    "meta": 1706185346327,
    "relativePath": "scripts\\Star - 001.ts"
  },
  "7b55462f-bea3-49a7-a72f-7a640a960122": {
    "asset": 1706185353771,
    "meta": 1706185359464,
    "relativePath": "scripts\\Player - 001.ts"
  }
}